pop_size,conn_add_prob,conn_delete_prob,node_add_prob,node_delete_prob
63,0.6672460227186698,0.8505268568386187,0.9061284805781818,0.8072989925970494
