pop_size,conn_add_prob,conn_delete_prob,node_add_prob,node_delete_prob
165,0.47131916176044664,0.36159248344890227,0.02039685151431203,0.13851822161735772
